Name,Email,Address,Phone Number,Job Title,Company,Salary,Department,Password
Mark Richards,jasoncohen@example.net,"6526 Hart Forks Suite 112
New Catherine, WA 19033",+1-999-460-4247,Engineering geologist,Meza Group,96817,Sales,AIGebgZ6
Judy King,glendaperez@example.org,"3062 Nicholas Rapid
Andrewsborough, NC 75113",7902019227,IT sales professional,Harris-Manning,64075,Marketing,3GSqC5Y2
Lauren Robinson,tina52@example.net,"60894 Stout Corner Apt. 357
Myerston, NE 92762",457.562.3906,Music therapist,"Shepherd, Brown and Griffin",75010,Sales,vy80zJUy
Kim Jones,qcraig@example.com,"5416 Michael Locks
North Colinmouth, VT 32494",(212)228-3601,Lawyer,Wilson Group,45774,Sales,f3gLO92S
Benjamin Newton,pricebrenda@example.net,"861 Gilbert Lights Apt. 194
Manntown, AS 60376",001-645-568-6337,Commissioning editor,Hernandez PLC,48974,HR,DKmJlhEF
Anthony Vaughan,amy02@example.com,"05832 Michael Divide
West Andrew, WV 63021",376.412.6837,Agricultural engineer,"Roberts, Cole and Anderson",30185,Sales,9OV3Gqif
Rebecca Rodgers,aoneill@example.org,"28382 Kristin Stravenue
Lewistown, LA 30463",818.714.3783,"Scientist, biomedical",Kirby-Grimes,58145,Marketing,GOW9WGAf
Regina Spencer,jaime60@example.net,"USNV Smith
FPO AA 00960",571.506.3465x252,Hospital pharmacist,"Braun, Baker and Harris",90087,Sales,6yJKY6jU
Matthew Zimmerman,thomas77@example.com,"2178 James Avenue Apt. 171
North Amanda, MP 03028",587-451-9063,Air cabin crew,Beck-Callahan,79833,Marketing,3HAocHdb
Jonathan Jones,romanapril@example.org,"714 Robert Garden Apt. 325
New Traci, CT 39403",(722)444-9810x73040,Merchant navy officer,"Palmer, Shaw and Caldwell",85055,Marketing,jzJ7EelP
